<?xml version="1.0" encoding="utf-8"?>
<SoundBanksInfo Platform="Windows" BasePlatform="Windows" SchemaVersion="12" SoundbankVersion="140">
	<RootPaths>
		<ProjectRoot>C:\Users\zapin\Documents\WwiseProjects\Proyecto1\</ProjectRoot>
		<SourceFilesRoot>C:\Users\zapin\Documents\WwiseProjects\Proyecto1\.cache\Windows\</SourceFilesRoot>
		<SoundBanksRoot>C:\Users\zapin\Documents\WwiseProjects\Proyecto1\GeneratedSoundBanks\Windows\</SoundBanksRoot>
		<ExternalSourcesInputFile></ExternalSourcesInputFile>
		<ExternalSourcesOutputRoot>C:\Users\zapin\Documents\WwiseProjects\Proyecto1\GeneratedSoundBanks\Windows</ExternalSourcesOutputRoot>
	</RootPaths>
	<SoundBanks>
		<SoundBank Id="1355168291" GUID="{701ECBBD-9C7B-4030-8CDB-749EE5D1C7B9}" Language="SFX" Hash="3413456938">
			<ObjectPath>Init</ObjectPath>
			<ShortName>Init</ShortName>
			<Path>Init.bnk</Path>
		</SoundBank>
	</SoundBanks>
</SoundBanksInfo>
