{
 "SoundBanksInfo": {
  "Platform": "Windows",
  "BasePlatform": "Windows",
  "SchemaVersion": "12",
  "SoundbankVersion": "140",
  "RootPaths": {
   "ProjectRoot": "C:\\Users\\zapin\\Documents\\WwiseProjects\\Proyecto1\\",
   "SourceFilesRoot": "C:\\Users\\zapin\\Documents\\WwiseProjects\\Proyecto1\\.cache\\Windows\\",
   "SoundBanksRoot": "C:\\Users\\zapin\\Documents\\WwiseProjects\\Proyecto1\\GeneratedSoundBanks\\Windows\\",
   "ExternalSourcesInputFile": "",
   "ExternalSourcesOutputRoot": "C:\\Users\\zapin\\Documents\\WwiseProjects\\Proyecto1\\GeneratedSoundBanks\\Windows"
  },
  "SoundBanks": [
   {
    "Id": "1355168291",
    "GUID": "{701ECBBD-9C7B-4030-8CDB-749EE5D1C7B9}",
    "Language": "SFX",
    "Hash": "3413456938",
    "ObjectPath": "Init",
    "ShortName": "Init",
    "Path": "Init.bnk"
   }
  ]
 }
}