{
 "SoundBanksInfo": {
  "Platform": "Windows",
  "BasePlatform": "Windows",
  "SchemaVersion": "12",
  "SoundbankVersion": "140",
  "RootPaths": {
   "ProjectRoot": "C:\\Users\\zapin\\Documents\\WwiseProjects\\Proyecto1\\",
   "SourceFilesRoot": "C:\\Users\\zapin\\Documents\\WwiseProjects\\Proyecto1\\.cache\\Windows\\",
   "SoundBanksRoot": "C:\\Users\\zapin\\Documents\\WwiseProjects\\Proyecto1\\GeneratedSoundBanks\\Windows\\",
   "ExternalSourcesInputFile": "",
   "ExternalSourcesOutputRoot": "C:\\Users\\zapin\\Documents\\WwiseProjects\\Proyecto1\\GeneratedSoundBanks\\Windows"
  },
  "DialogueEvents": [],
  "StreamedFiles": [],
  "MediaFilesNotInAnyBank": [],
  "SoundBanks": [
   {
    "Id": "1355168291",
    "GUID": "{701ECBBD-9C7B-4030-8CDB-749EE5D1C7B9}",
    "Language": "SFX",
    "Hash": "3413456938",
    "ObjectPath": "Init",
    "ShortName": "Init",
    "Path": "Init.bnk"
   },
   {
    "Id": "3161908922",
    "GUID": "{90517D60-3595-4557-B2A3-C38B43B447EE}",
    "Language": "SFX",
    "Hash": "2417232357",
    "ObjectPath": "\\SoundBanks\\Default Work Unit\\Main",
    "ShortName": "Main",
    "Path": "Main.bnk",
    "IncludedEvents": [
     {
      "Id": "3650723969",
      "Name": "Background",
      "ObjectPath": "\\Events\\Default Work Unit\\Background",
      "GUID": "{24811D9E-9DA8-46CD-8051-66FD7FF53F9D}",
      "DurationType": "OneShot",
      "DurationMin": "32.664001",
      "DurationMax": "32.664001",
      "IncludedMemoryFiles": [
       {
        "Id": "141014001",
        "Language": "SFX",
        "ShortName": "guitar_piano.wav",
        "Path": "SFX\\guitar_piano_E0DA7CF5.wem"
       },
       {
        "Id": "894172613",
        "Language": "SFX",
        "ShortName": "rock.wav",
        "Path": "SFX\\rock_96D980F5.wem"
       }
      ]
     }
    ]
   }
  ]
 }
}