<?xml version="1.0" encoding="utf-8"?>
<SoundBanksInfo Platform="Windows" BasePlatform="Windows" SchemaVersion="12" SoundbankVersion="140">
	<RootPaths>
		<ProjectRoot>C:\Users\Uri\Documents\WwiseProjects\RagnarEngineSound\</ProjectRoot>
		<SourceFilesRoot>C:\Users\Uri\Documents\WwiseProjects\RagnarEngineSound\.cache\Windows\</SourceFilesRoot>
		<SoundBanksRoot>C:\Users\Uri\Documents\WwiseProjects\RagnarEngineSound\GeneratedSoundBanks\Windows\</SoundBanksRoot>
		<ExternalSourcesInputFile></ExternalSourcesInputFile>
		<ExternalSourcesOutputRoot>C:\Users\Uri\Documents\WwiseProjects\RagnarEngineSound\GeneratedSoundBanks\Windows</ExternalSourcesOutputRoot>
	</RootPaths>
	<DialogueEvents/>
	<StreamedFiles/>
	<MediaFilesNotInAnyBank/>
	<SoundBanks>
		<SoundBank Id="87917746" Language="SFX" Hash="1385756100">
			<ObjectPath>\SoundBanks\Default Work Unit\ragnarEngine</ObjectPath>
			<ShortName>ragnarEngine</ShortName>
			<Path>ragnarEngine.bnk</Path>
			<IncludedEvents>
				<Event Id="799949012" Name="ActivateBgMusic" ObjectPath="\Events\Default Work Unit\ActivateBgMusic">
					<IncludedMemoryFiles>
						<File Id="192247659" Language="SFX">
							<ShortName>oriol.wav</ShortName>
							<Path>SFX\oriol_10C4C929.wem</Path>
						</File>
						<File Id="919001556" Language="SFX">
							<ShortName>lucas.wav</ShortName>
							<Path>SFX\lucas_10C4C929.wem</Path>
						</File>
					</IncludedMemoryFiles>
				</Event>
			</IncludedEvents>
			<GameParameters>
				<GameParameter Id="1908158473" Name="Pitch" ObjectPath="\Game Parameters\Default Work Unit\Pitch"/>
				<GameParameter Id="2415836739" Name="Volume" ObjectPath="\Game Parameters\Default Work Unit\Volume"/>
			</GameParameters>
		</SoundBank>
		<SoundBank Id="1355168291" Language="SFX" Hash="3218428019">
			<ObjectPath>Init</ObjectPath>
			<ShortName>Init</ShortName>
			<Path>Init.bnk</Path>
			<IncludedAuxBusses>
				<AuxBus Id="1632408463" Name="ReverbZone" ObjectPath="\Master-Mixer Hierarchy\Default Work Unit\Master Audio Bus\ReverbZone"/>
			</IncludedAuxBusses>
		</SoundBank>
	</SoundBanks>
</SoundBanksInfo>
