{
    "GameObjects": {
        "Scene": {
            "name": "Scene",
            "active": true,
            "isTimeToDelete": false,
            "components": {
                "Component 0": {
                    "Type": 1,
                    "active": false,
                    "LocalTransform": "1.000000,0.000000,0.000000,0.000000,0.000000,1.000000,0.000000,0.000000,0.000000,0.000000,1.000000,0.000000,0.000000,0.000000,0.000000,1.000000,"
                }
            },
            "Child 0": {
                "name": "BakerHouse.fbx",
                "active": true,
                "isTimeToDelete": false,
                "components": {
                    "Component 0": {
                        "Type": 1,
                        "active": false,
                        "LocalTransform": "1.000000,0.000000,0.000000,0.000000,0.000000,1.000000,0.000000,0.000000,0.000000,0.000000,1.000000,0.000000,0.000000,0.000000,0.000000,1.000000,"
                    }
                },
                "Child 0": {
                    "name": "Mesh_0",
                    "active": true,
                    "isTimeToDelete": false,
                    "components": {
                        "Component 0": {
                            "Type": 1,
                            "active": false,
                            "LocalTransform": "1.000000,0.000000,0.000000,0.000000,0.000000,1.000000,0.000000,0.000000,0.000000,0.000000,1.000000,0.000000,0.000000,0.000000,0.000000,1.000000,"
                        },
                        "Component 1": {
                            "Type": 2,
                            "active": false,
                            "Mesh": "Mesh_0"
                        },
                        "Component 2": {
                            "Type": 3,
                            "active": false,
                            "Material": "Assets\/Textures\/Baker_house.png"
                        }
                    }
                },
                "Child 1": {
                    "name": "Mesh_1",
                    "active": true,
                    "isTimeToDelete": false,
                    "components": {
                        "Component 0": {
                            "Type": 1,
                            "active": false,
                            "LocalTransform": "1.000000,0.000000,0.000000,0.000000,0.000000,1.000000,0.000000,0.000000,0.000000,0.000000,1.000000,0.000000,0.000000,0.000000,0.000000,1.000000,"
                        },
                        "Component 1": {
                            "Type": 2,
                            "active": false,
                            "Mesh": "Mesh_1"
                        },
                        "Component 2": {
                            "Type": 3,
                            "active": false,
                            "Material": "Assets\/Textures\/Baker_house.png"
                        }
                    }
                }
            }
        }
    }
}